username,name,url_main,url_user,exists,http_status
arminekarakhan,ResearchGate,https://www.researchgate.net/,,Illegal,
arminekarakhan,Allods,https://allods.mail.ru,https://allods.mail.ru/forums/member.php?username=arminekarakhan,Unknown,0
arminekarakhan,Crossfire,https://cfire.mail.ru,https://cfire.mail.ru/forums/member.php?username=arminekarakhan,Unknown,0
arminekarakhan,Telegram,https://t.me/,https://t.me/arminekarakhan,Claimed,200
arminekarakhan,Nitter,https://www.nitter.net/,https://nitter.net/arminekarakhan,Available,200
arminekarakhan,Udemy,https://www.udemy.com,https://www.udemy.com/user/arminekarakhan/,Unknown,403
arminekarakhan,Twitter,https://www.twitter.com/,https://twitter.com/arminekarakhan,Unknown,403
arminekarakhan,Imgur,https://imgur.com,https://imgur.com/user/arminekarakhan,Available,404
arminekarakhan,Etsy,https://www.etsy.com/,https://www.etsy.com/shop/arminekarakhan,Unknown,403
arminekarakhan,SoundCloud,https://soundcloud.com/,https://soundcloud.com/arminekarakhan,Available,404
arminekarakhan,Twitch,https://www.twitch.tv/,https://www.twitch.tv/arminekarakhan,Claimed,200
arminekarakhan,GooglePlayStore,https://play.google.com/store,https://play.google.com/store/apps/developer?id=arminekarakhan,Available,404
arminekarakhan,Wix,https://wix.com/,https://arminekarakhan.wix.com,Available,404
arminekarakhan,YandexCollections API,https://yandex.ru/collections/,https://yandex.ru/collections/api/users/arminekarakhan/,Available,200
arminekarakhan,VK,https://vk.com/,https://vk.com/arminekarakhan,Available,404
arminekarakhan,Livejasmin,https://www.livejasmin.com/,https://www.livejasmin.com/en/girls/#!chat/arminekarakhan,Available,200
arminekarakhan,StackOverflow,https://stackoverflow.com,https://stackoverflow.com/users/filter?search=arminekarakhan,Available,200
arminekarakhan,BongaCams,https://pt.bongacams.com,https://pt.bongacams.com/profile/arminekarakhan,Available,404
arminekarakhan,Vimeo,https://vimeo.com/,https://vimeo.com/arminekarakhan,Available,401
arminekarakhan,Trello,https://trello.com/,https://trello.com/arminekarakhan,Available,404
arminekarakhan,Quora,https://www.quora.com/,https://www.quora.com/profile/arminekarakhan,Available,301
arminekarakhan,Shutterstock,https://www.shutterstock.com,https://www.shutterstock.com/fi/g/arminekarakhan/about,Available,404
arminekarakhan,GitHub,https://www.github.com/,https://github.com/arminekarakhan,Available,404
arminekarakhan,GitHubGist,https://gist.github.com,https://gist.github.com/arminekarakhan,Available,404
arminekarakhan,Fiverr,https://www.fiverr.com/,https://www.fiverr.com/arminekarakhan,Unknown,403
arminekarakhan,xHamster,https://xhamster.com,https://xhamster.com/users/arminekarakhan,Available,404
arminekarakhan,Chess,https://www.chess.com/,https://www.chess.com/member/arminekarakhan,Available,404
arminekarakhan,OK,https://ok.ru/,https://ok.ru/arminekarakhan,Available,404
arminekarakhan,iStock,https://www.istockphoto.com,https://www.istockphoto.com/ru/portfolio/arminekarakhan,Available,200
arminekarakhan,Fandom,https://www.fandom.com/,https://www.fandom.com/u/arminekarakhan,Available,404
arminekarakhan,Behance,https://www.behance.net/,https://www.behance.net/arminekarakhan,Available,404
arminekarakhan,Freepik,https://www.freepik.com,https://www.freepik.com/arminekarakhan,Unknown,403
arminekarakhan,Tumblr,https://tumblr.com/,https://arminekarakhan.tumblr.com/,Available,404
arminekarakhan,Love.Mail.ru,https://love.mail.ru,https://love.mail.ru/ru/arminekarakhan,Claimed,200
arminekarakhan,Aparat,https://www.aparat.com,https://www.aparat.com/arminekarakhan,Available,404
arminekarakhan,Pinterest,https://www.pinterest.com/,https://www.pinterest.com/arminekarakhan/,Available,200
arminekarakhan,GoodReads,https://www.goodreads.com/,https://www.goodreads.com/arminekarakhan,Available,404
arminekarakhan,Revelation,https://rev.mail.ru,https://rev.mail.ru/forums/member.php?username=arminekarakhan,Unknown,0
arminekarakhan,My.Mail.ru@ya.ru,https://my.mail.ru/,https://my.mail.ru/ya.ru/arminekarakhan/,Claimed,404
arminekarakhan,community.adobe.com,https://community.adobe.com,https://community.adobe.com/t5/forums/searchpage/tab/user?q=arminekarakhan,Available,200
arminekarakhan,discourse.mozilla.org,https://discourse.mozilla.org,https://discourse.mozilla.org/u/arminekarakhan/summary,Available,404
arminekarakhan,TradingView,https://www.tradingview.com/,https://www.tradingview.com/u/arminekarakhan,Available,404
arminekarakhan,My.Mail.ru@gmail.com,https://my.mail.ru/,https://my.mail.ru/gmail.com/arminekarakhan/,Claimed,404
arminekarakhan,Medium,https://medium.com/,https://medium.com/@arminekarakhan,Available,200
arminekarakhan,Mozilla Support,https://support.mozilla.org,https://support.mozilla.org/en-US/user/arminekarakhan,Available,404
arminekarakhan,My.Mail.ru@list.ru,https://my.mail.ru/,https://my.mail.ru/list/arminekarakhan/,Claimed,404
arminekarakhan,Patreon,https://www.patreon.com/,https://www.patreon.com/arminekarakhan,Available,404
arminekarakhan,Archive.org,https://archive.org,https://archive.org/details/@arminekarakhan,Available,200
arminekarakhan,ChaturBate,https://chaturbate.com,https://chaturbate.com/arminekarakhan,Available,404
arminekarakhan,BleachFandom,https://bleach.fandom.com/ru,https://bleach.fandom.com/ru/wiki/%D0%A3%D1%87%D0%B0%D1%81%D1%82%D0%BD%D0%B8%D0%BA:arminekarakhan,Available,404
arminekarakhan,My.Mail.ru@mail.ru,https://my.mail.ru/,https://my.mail.ru/mail/arminekarakhan/,Claimed,404
arminekarakhan,Blogger,https://www.blogger.com/,https://arminekarakhan.blogspot.com,Available,404
arminekarakhan,Scribd,https://www.scribd.com/,https://www.scribd.com/arminekarakhan,Available,404
arminekarakhan,Armchairgm,https://armchairgm.fandom.com/,https://armchairgm.fandom.com/wiki/User:arminekarakhan,Available,404
arminekarakhan,Slack,https://slack.com,https://arminekarakhan.slack.com,Available,404
arminekarakhan,Battleraprus,https://battleraprus.fandom.com/ru,https://battleraprus.fandom.com/ru/wiki/%D0%A3%D1%87%D0%B0%D1%81%D1%82%D0%BD%D0%B8%D0%BA:arminekarakhan,Available,404
arminekarakhan,Zhihu,https://www.zhihu.com/,https://www.zhihu.com/people/arminekarakhan,Unknown,403
arminekarakhan,linktr.ee,https://linktr.ee,https://linktr.ee/arminekarakhan,Available,404
arminekarakhan,AppleDeveloper,https://developer.apple.com/forums,https://developer.apple.com/forums/profile/arminekarakhan,Available,404
arminekarakhan,FandomCommunityCentral,https://community.fandom.com,https://community.fandom.com/wiki/User:arminekarakhan,Available,404
arminekarakhan,DailyMotion,https://www.dailymotion.com/,https://www.dailymotion.com/arminekarakhan,Available,200
arminekarakhan,Weebly,http://weebly.com,http://arminekarakhan.weebly.com/,Available,404
arminekarakhan,Naver,https://naver.com,https://blog.naver.com/arminekarakhan,Available,404
arminekarakhan,CNET,https://www.cnet.com/,https://www.cnet.com/profiles/arminekarakhan/,Available,404
arminekarakhan,Academia.edu,https://www.academia.edu/,https://independent.academia.edu/arminekarakhan,Available,404
arminekarakhan,Figma,https://www.figma.com/,https://www.figma.com/@arminekarakhan,Available,404
arminekarakhan,Facebook,https://www.facebook.com/,https://www.facebook.com/arminekarakhan,Claimed,200
arminekarakhan,YouTube,https://www.youtube.com/,https://www.youtube.com/arminekarakhan,Claimed,200
arminekarakhan,Pornhub,https://pornhub.com/,https://pornhub.com/users/arminekarakhan,Available,404
arminekarakhan,TikTok,https://www.tiktok.com/,https://www.tiktok.com/@arminekarakhan,Available,200
arminekarakhan,AppleDiscussions,https://discussions.apple.com/,https://discussions.apple.com/profile/arminekarakhan,Available,404
arminekarakhan,Douban,https://www.douban.com,https://www.douban.com/people/arminekarakhan/,Available,404
arminekarakhan,SourceForge,https://sourceforge.net/,https://sourceforge.net/u/arminekarakhan/profile,Unknown,403
arminekarakhan,Rutracker,https://rutracker.org/,https://rutracker.org/forum/profile.php?mode=viewprofile&u=arminekarakhan,Available,200
arminekarakhan,Issuu,https://issuu.com/,https://issuu.com/arminekarakhan,Available,404
arminekarakhan,1337x,https://1337x.to,https://1337x.to/user/arminekarakhan/,Available,200
arminekarakhan,calendly.com,https://calendly.com,https://calendly.com/arminekarakhan/15min,Available,404
arminekarakhan,ThemeForest,https://themeforest.net,https://themeforest.net/user/arminekarakhan,Available,404
arminekarakhan,Crunchyroll,https://www.crunchyroll.com/,https://www.crunchyroll.com/user/arminekarakhan,Claimed,200
arminekarakhan,YandexMusic,https://music.yandex.ru/,https://music.yandex.ru/users/arminekarakhan/playlists,Claimed,200
arminekarakhan,Reddit,https://www.reddit.com/,https://www.reddit.com/user/arminekarakhan,Available,200
arminekarakhan,LiveJournal,https://www.livejournal.com/,https://arminekarakhan.livejournal.com,Available,404
arminekarakhan,opensea.io,https://opensea.io,https://opensea.io/accounts/arminekarakhan,Available,404
arminekarakhan,Unsplash,https://unsplash.com/,https://unsplash.com/@arminekarakhan,Available,404
arminekarakhan,Roblox,https://www.roblox.com/,https://www.roblox.com/user.aspx?username=arminekarakhan,Available,404
arminekarakhan,Xvideos,https://xvideos.com/,https://xvideos.com/profiles/arminekarakhan,Available,404
arminekarakhan,mercadolivre,https://www.mercadolivre.com.br,https://www.mercadolivre.com.br/perfil/arminekarakhan,Available,404
arminekarakhan,Kickstarter,https://www.kickstarter.com,https://www.kickstarter.com/profile/arminekarakhan,Unknown,403
arminekarakhan,Steam,https://steamcommunity.com/,https://steamcommunity.com/id/arminekarakhan,Available,200
arminekarakhan,Genius,https://genius.com/,https://genius.com/arminekarakhan,Available,404
arminekarakhan,Amazon,https://amazon.com,https://amazon.com/author/arminekarakhan,Available,404
arminekarakhan,giphy.com,https://giphy.com,https://giphy.com/channel/arminekarakhan,Available,404
arminekarakhan,BuzzFeed,https://buzzfeed.com/,https://buzzfeed.com/arminekarakhan,Available,404
arminekarakhan,Steam (Group),https://steamcommunity.com/,https://steamcommunity.com/groups/arminekarakhan,Available,200
arminekarakhan,WordPressOrg,https://wordpress.org/,https://profiles.wordpress.org/arminekarakhan/,Available,404
arminekarakhan,TheVerge,https://www.theverge.com,https://www.theverge.com/users/arminekarakhan,Available,410
arminekarakhan,Freelancer.com,https://www.freelancer.com/,https://www.freelancer.com/api/users/0.1/users?usernames%5B%5D=arminekarakhan&compact=true,Available,200
arminekarakhan,Discogs,https://www.discogs.com/,https://www.discogs.com/user/arminekarakhan,Unknown,403
arminekarakhan,Gamespot,https://www.gamespot.com/,https://www.gamespot.com/profile/arminekarakhan/,Available,404
arminekarakhan,Ameblo,https://ameblo.jp,https://ameblo.jp/arminekarakhan,Available,404
arminekarakhan,Scratch,https://scratch.mit.edu/,https://scratch.mit.edu/users/arminekarakhan,Available,404
arminekarakhan,CloudflareCommunity,https://community.cloudflare.com/,https://community.cloudflare.com/u/arminekarakhan/summary,Unknown,403
arminekarakhan,Wowhead,https://www.wowhead.com,https://www.wowhead.com/user=arminekarakhan,Available,404
arminekarakhan,SoftwareInformer,https://users.software.informer.com,https://users.software.informer.com/arminekarakhan/,Available,301
arminekarakhan,forums.ea.com,https://forums.ea.com,https://forums.ea.com/en/nhl/profile/discussions/arminekarakhan,Available,404
arminekarakhan,Disqus,https://disqus.com/,https://disqus.com/arminekarakhan,Available,400
arminekarakhan,My.Mail.ru@yandex.ru,https://my.mail.ru/,https://my.mail.ru/yandex.ru/arminekarakhan/,Claimed,404
arminekarakhan,sports.ru,https://www.sports.ru/,https://www.sports.ru/profile/arminekarakhan/,Available,404
arminekarakhan,My.Mail.ru@bk.ru,https://my.mail.ru/,https://my.mail.ru/bk/arminekarakhan/,Claimed,404
arminekarakhan,Warface,https://wf.mail.ru,https://wf.mail.ru/forums/member.php?username=arminekarakhan,Unknown,0
arminekarakhan,forum.wordreference.com,https://forum.wordreference.com,https://forum.wordreference.com/members/?username=arminekarakhan,Available,200
arminekarakhan,PeopleIgn,https://people.ign.com/,https://people.ign.com/arminekarakhan,Available,404
arminekarakhan,Pikabu,https://pikabu.ru/,https://pikabu.ru/@arminekarakhan,Available,404
arminekarakhan,TripAdvisor,https://tripadvisor.com/,https://tripadvisor.com/members/arminekarakhan,Available,404
arminekarakhan,cyber.harvard.edu,https://cyber.harvard.edu,https://cyber.harvard.edu/people/arminekarakhan,Available,404
arminekarakhan,eune.op.gg,https://eune.op.gg/,https://eune.op.gg/summoner/userName=arminekarakhan,Available,404
arminekarakhan,Eksisozluk,https://eksisozluk.com/biri/,https://eksisozluk.com/biri/arminekarakhan,Claimed,404
arminekarakhan,br.op.gg,https://br.op.gg/,https://br.op.gg/summoner/userName=arminekarakhan,Available,404
arminekarakhan,Studfile,https://studfile.net,https://studfile.net/users/arminekarakhan/,Available,404
arminekarakhan,Dreamstime,https://www.dreamstime.com,https://www.dreamstime.com/arminekarakhan_info,Unknown,403
arminekarakhan,community.simplilearn.com,https://community.simplilearn.com,https://community.simplilearn.com/members/?username=arminekarakhan,Available,404
arminekarakhan,tr.op.gg,https://tr.op.gg/,https://tr.op.gg/summoner/userName=arminekarakhan,Available,404
arminekarakhan,Wikipedia,https://www.wikipedia.org/,https://www.wikipedia.org/wiki/User:arminekarakhan,Available,404
arminekarakhan,Toster,https://qna.habr.com/,https://qna.habr.com/user/arminekarakhan,Available,404
arminekarakhan,Freelance.habr,https://freelance.habr.com/,https://freelance.habr.com/freelancers/arminekarakhan,Available,410
arminekarakhan,Wattpad,https://www.wattpad.com/,https://www.wattpad.com/user/arminekarakhan,Available,404
arminekarakhan,community.brave.com,https://community.brave.com,https://community.brave.com/u/arminekarakhan/summary,Available,404
arminekarakhan,lan.op.gg,https://lan.op.gg/,https://lan.op.gg/summoner/userName=arminekarakhan,Available,404
arminekarakhan,ru.op.gg,https://ru.op.gg/,https://ru.op.gg/summoner/userName=arminekarakhan,Available,404
arminekarakhan,Envato,https://forums.envato.com,https://forums.envato.com/u/arminekarakhan/summary,Available,404
arminekarakhan,HabrCareer,https://career.habr.com/,https://career.habr.com/arminekarakhan,Available,404
arminekarakhan,euw.op.gg,https://euw.op.gg/,https://euw.op.gg/summoner/userName=arminekarakhan,Available,404
arminekarakhan,Duolingo,https://duolingo.com/,https://www.duolingo.com/profile/arminekarakhan,Available,406
arminekarakhan,Gamefaqs,https://gamefaqs.gamespot.com,https://gamefaqs.gamespot.com/community/arminekarakhan,Available,404
arminekarakhan,Artstation,https://www.artstation.com,https://www.artstation.com/arminekarakhan,Claimed,200
arminekarakhan,DeviantART,https://deviantart.com,https://arminekarakhan.deviantart.com,Available,404
arminekarakhan,123rf,https://ru.123rf.com,https://ru.123rf.com/profile_arminekarakhan,Available,302
arminekarakhan,MyAnimeList,https://myanimelist.net/,https://myanimelist.net/profile/arminekarakhan,Available,404
arminekarakhan,Myspace,https://myspace.com/,https://myspace.com/arminekarakhan,Available,404
arminekarakhan,Codecanyon,https://codecanyon.net,https://codecanyon.net/user/arminekarakhan,Available,404
arminekarakhan,oce.op.gg,https://oce.op.gg/,https://oce.op.gg/summoner/userName=arminekarakhan,Available,404
arminekarakhan,Waypoint,https://forum.waypoint.vice.com,https://forum.waypoint.vice.com/u/arminekarakhan/summary,Unknown,0
arminekarakhan,PerfectWorld,https://pw.mail.ru,https://pw.mail.ru/member.php?username=arminekarakhan,Available,404
arminekarakhan,AllRecipes,https://www.allrecipes.com/,https://www.allrecipes.com/cook/arminekarakhan,Available,404
arminekarakhan,Strava,https://www.strava.com/,https://www.strava.com/athletes/arminekarakhan,Claimed,404
arminekarakhan,las.op.gg,https://las.op.gg/,https://las.op.gg/summoner/userName=arminekarakhan,Available,404
arminekarakhan,na.op.gg,https://na.op.gg/,https://na.op.gg/summoner/userName=arminekarakhan,Available,404
arminekarakhan,upwork.com,https://upwork.com,https://upwork.com/fl/arminekarakhan,Claimed,200
arminekarakhan,note,https://note.com/,https://note.com/arminekarakhan,Available,404
arminekarakhan,Yelp,http://www.yelp.com,http://arminekarakhan.yelp.com/,Available,200
arminekarakhan,Redtube,https://ru.redtube.com/,https://ru.redtube.com/users/arminekarakhan,Available,404
arminekarakhan,SlideShare,https://slideshare.net/,https://slideshare.net/arminekarakhan,Claimed,200
arminekarakhan,Nairaland Forum,https://www.nairaland.com/,https://www.nairaland.com/arminekarakhan,Available,404
arminekarakhan,Habr,https://habr.com/,https://habr.com/ru/users/arminekarakhan/,Available,404
arminekarakhan,www.gamesradar.com,https://www.gamesradar.com,https://www.gamesradar.com/uk/author/arminekarakhan/,Available,404
arminekarakhan,social.msdn.microsoft.com,https://social.msdn.microsoft.com,https://social.msdn.microsoft.com/profile/arminekarakhan,Claimed,200
arminekarakhan,gfycat,https://gfycat.com/,https://gfycat.com/@arminekarakhan,Unknown,0
arminekarakhan,Gofundme,https://www.gofundme.com,https://www.gofundme.com/f/arminekarakhan,Available,404
arminekarakhan,MicrosoftTechNet,https://social.technet.microsoft.com,https://social.technet.microsoft.com/profile/arminekarakhan/,Claimed,200
arminekarakhan,Flickr,https://www.flickr.com/,https://www.flickr.com/photos/arminekarakhan,Available,404
arminekarakhan,forums.opera.com,https://forums.opera.com/,https://forums.opera.com/user/arminekarakhan,Available,404
arminekarakhan,DiscussPython,https://discuss.python.org/,https://discuss.python.org/u/arminekarakhan/summary,Available,404
arminekarakhan,Championat,https://www.championat.com/,https://www.championat.com/user/arminekarakhan,Available,404
arminekarakhan,Ebay,https://www.ebay.com/,https://ebay.com/usr/arminekarakhan,Claimed,200
arminekarakhan,Kaskus,https://www.kaskus.co.id,https://www.kaskus.co.id/@arminekarakhan,Available,404
arminekarakhan,drive2,https://www.drive2.ru/,https://www.drive2.ru/users/arminekarakhan,Available,404
arminekarakhan,4pda,https://4pda.ru/,https://4pda.ru/forum/index.php?act=search&source=pst&noform=1&username=arminekarakhan,Unknown,0
arminekarakhan,Ultimate-Guitar,https://ultimate-guitar.com/,https://ultimate-guitar.com/u/arminekarakhan,Available,410
arminekarakhan,Rajce.net,https://www.rajce.idnes.cz/,https://arminekarakhan.rajce.idnes.cz/,Available,410
arminekarakhan,YandexZenChannel,https://zen.yandex.ru,https://zen.yandex.ru/arminekarakhan,Claimed,200
arminekarakhan,Codepen,https://codepen.io/,https://codepen.io/arminekarakhan,Unknown,403
arminekarakhan,PCGamer,https://pcgamer.com,https://forums.pcgamer.com/members/?username=arminekarakhan,Available,200
arminekarakhan,Plurk,https://www.plurk.com/,https://www.plurk.com/arminekarakhan,Available,200
arminekarakhan,Kaggle,https://www.kaggle.com/,https://www.kaggle.com/arminekarakhan,Available,404
arminekarakhan,adblockplus.org,https://adblockplus.org,https://adblockplus.org/forum/search.php?keywords=&terms=all&author=arminekarakhan,Available,200
arminekarakhan,Sbnation,https://www.sbnation.com,https://www.sbnation.com/users/arminekarakhan,Available,404
arminekarakhan,Pathofexile,https://ru.pathofexile.com,https://ru.pathofexile.com/account/view-profile/arminekarakhan,Unknown,403
arminekarakhan,Pastebin,https://pastebin.com/,https://pastebin.com/u/arminekarakhan,Available,404
arminekarakhan,BodyBuilding,https://bodyspace.bodybuilding.com/,https://bodyspace.bodybuilding.com/arminekarakhan,Available,302
arminekarakhan,Eporner,,https://www.eporner.com/profile/arminekarakhan/,Available,404
arminekarakhan,CreativeMarket,https://creativemarket.com/,https://creativemarket.com/users/arminekarakhan,Unknown,403
arminekarakhan,Lichess,https://lichess.org,https://lichess.org/@/arminekarakhan,Claimed,404
arminekarakhan,DigitalOcean,https://www.digitalocean.com/,https://www.digitalocean.com/community/users/arminekarakhan,Available,404
arminekarakhan,Dribbble,https://dribbble.com/,https://dribbble.com/arminekarakhan,Available,404
arminekarakhan,WordPress,https://wordpress.com,https://arminekarakhan.wordpress.com/,Available,302
arminekarakhan,community.icons8.com,https://community.icons8.com,https://community.icons8.com/u/arminekarakhan/summary,Available,404
arminekarakhan,LiveInternet,https://www.liveinternet.ru,https://www.liveinternet.ru/users/arminekarakhan/profile,Available,302
arminekarakhan,Otzovik,https://otzovik.com/,https://otzovik.com/profile/arminekarakhan,Available,404
arminekarakhan,{username}.tilda.ws,https://tilda.ws,https://arminekarakhan.tilda.ws,Available,404
arminekarakhan,jsfiddle.net,https://jsfiddle.net,https://jsfiddle.net/user/arminekarakhan/,Available,404
arminekarakhan,Bit.ly,https://bit.ly,https://bit.ly/arminekarakhan,Available,404
arminekarakhan,MixCloud,https://www.mixcloud.com/,https://www.mixcloud.com/arminekarakhan/,Available,404
arminekarakhan,discuss.codecademy.com,https://discuss.codecademy.com,https://discuss.codecademy.com/u/arminekarakhan/summary,Available,404
arminekarakhan,VC.ru,https://vc.ru,https://vc.ru/search/v2/subsite/relevant?query=arminekarakhan,Claimed,404
arminekarakhan,ComicvineGamespot,https://comicvine.gamespot.com/,https://comicvine.gamespot.com/profile/arminekarakhan,Available,404
arminekarakhan,Redbubble,https://www.redbubble.com/,https://www.redbubble.com/people/arminekarakhan,Available,404
arminekarakhan,Virgool,https://virgool.io/,https://virgool.io/@arminekarakhan,Claimed,404
arminekarakhan,Ccm,https://ccm.net,https://ccm.net/profile/user/arminekarakhan,Available,404
arminekarakhan,Bandcamp,https://www.bandcamp.com/,https://www.bandcamp.com/arminekarakhan,Available,404
arminekarakhan,lyricstranslate.com,https://lyricstranslate.com,https://lyricstranslate.com/sco/translator/arminekarakhan,Available,404
arminekarakhan,YouPorn,https://youporn.com,https://youporn.com/uservids/arminekarakhan,Available,404
arminekarakhan,Baidu,https://tieba.baidu.com,https://tieba.baidu.com/home/main?un=arminekarakhan,Available,200
arminekarakhan,Instructables,https://www.instructables.com/,https://www.instructables.com/member/arminekarakhan,Available,404
arminekarakhan,Eurogamer,https://www.eurogamer.net,https://www.eurogamer.net/profiles/arminekarakhan,Claimed,200
arminekarakhan,AskFM,https://ask.fm/,https://ask.fm/arminekarakhan,Unknown,0
arminekarakhan,Polygon,https://www.polygon.com/,https://www.polygon.com/users/arminekarakhan,Available,404
arminekarakhan,Itch.io,https://itch.io/,https://arminekarakhan.itch.io/,Available,429
arminekarakhan,Flightradar24,https://www.flightradar24.com/,https://my.flightradar24.com/arminekarakhan,Available,404
arminekarakhan,TemplateMonster,https://www.templatemonster.com,https://www.templatemonster.com/authors/arminekarakhan/,Available,404
arminekarakhan,Infourok,https://infourok.ru,https://infourok.ru/user/arminekarakhan,Available,404
arminekarakhan,500px,https://500px.com/,https://500px.com/p/arminekarakhan,Unknown,200
arminekarakhan,Wikidot,http://www.wikidot.com/,http://www.wikidot.com/user:info/arminekarakhan,Unknown,403
arminekarakhan,Docker Hub,https://hub.docker.com/,https://hub.docker.com/u/arminekarakhan/,Available,404
arminekarakhan,Zoomir.ir,https://www.zoomit.ir,https://www.zoomit.ir/user/arminekarakhan,Available,404
arminekarakhan,Letterboxd,https://letterboxd.com/,https://letterboxd.com/arminekarakhan,Available,404
arminekarakhan,Cracked,https://www.cracked.com/,https://www.cracked.com/members/arminekarakhan/,Available,301
arminekarakhan,fotostrana.ru,https://fotostrana.ru,https://fotostrana.ru/arminekarakhan/,Available,404
arminekarakhan,iRecommend.RU,https://irecommend.ru/,https://irecommend.ru/users/arminekarakhan,Available,404
arminekarakhan,Rottentomatoes,https://www.rottentomatoes.com,https://www.rottentomatoes.com/critic/arminekarakhan/movies,Available,404
arminekarakhan,9GAG,https://www.9gag.com/,https://www.9gag.com/u/arminekarakhan,Available,404
arminekarakhan,djskt.lnk.to,https://djskt.lnk.to,https://djskt.lnk.to/arminekarakhan,Available,404
arminekarakhan,Waveapps,https://community.waveapps.com,https://community.waveapps.com/profile/arminekarakhan,Unknown,403
arminekarakhan,Weforum,https://www.weforum.org,https://www.weforum.org/people/arminekarakhan,Unknown,403
arminekarakhan,Tinder,https://tinder.com/,https://www.tinder.com/@arminekarakhan,Available,200
arminekarakhan,beacons.ai,https://beacons.ai,https://beacons.ai/arminekarakhan,Unknown,403
arminekarakhan,AllTrails,https://www.alltrails.com/,https://www.alltrails.com/members/arminekarakhan,Unknown,403
arminekarakhan,BitBucket,https://bitbucket.org/,https://bitbucket.org/arminekarakhan/,Available,404
arminekarakhan,TomsHardware,https://forums.tomshardware.com/,https://forums.tomshardware.com/members/?username=arminekarakhan,Unknown,403
arminekarakhan,Gab,https://gab.com/,https://gab.com/arminekarakhan,Available,404
arminekarakhan,forums.docker.com,https://forums.docker.com,https://forums.docker.com/u/arminekarakhan/summary,Available,404
arminekarakhan,Freecodecamp,https://www.freecodecamp.org/forum/,https://www.freecodecamp.org/forum/u/arminekarakhan/summary,Available,404
arminekarakhan,999.md,https://999.md,https://999.md/ru/profile/arminekarakhan,Available,404
arminekarakhan,jeuxvideo,http://www.jeuxvideo.com,http://www.jeuxvideo.com/profil/arminekarakhan?mode=infos,Available,404
arminekarakhan,Zomato,https://www.zomato.com/,https://www.zomato.com/pl/arminekarakhan/foodjourney,Available,404
arminekarakhan,forums.sketchup.com,https://forums.sketchup.com,https://forums.sketchup.com/u/arminekarakhan/summary,Available,404
arminekarakhan,Tom's guide,http://forums.tomsguide.com,http://forums.tomsguide.com/members/?username=arminekarakhan,Available,200
arminekarakhan,videohive.net,https://videohive.net,https://videohive.net/user/arminekarakhan,Available,404
arminekarakhan,247sports,https://247sports.com,https://247sports.com/user/arminekarakhan/,Available,404
arminekarakhan,osu!,https://osu.ppy.sh/,https://osu.ppy.sh/users/arminekarakhan,Available,404
arminekarakhan,LiveLib,https://www.livelib.ru/,https://www.livelib.ru/reader/arminekarakhan,Unknown,403
arminekarakhan,www.change.org,https://www.change.org,https://www.change.org/o/arminekarakhan,Available,404
arminekarakhan,Codecademy,https://www.codecademy.com/,https://www.codecademy.com/profiles/arminekarakhan,Available,200
arminekarakhan,Cbr,https://community.cbr.com,https://community.cbr.com/member.php?username=arminekarakhan,Claimed,404
arminekarakhan,3dnews,http://forum.3dnews.ru/,http://forum.3dnews.ru/member.php?username=arminekarakhan,Unknown,0
arminekarakhan,DEV Community,https://dev.to/,https://dev.to/arminekarakhan,Available,404
arminekarakhan,Windy,https://windy.com/,https://community.windy.com/user/arminekarakhan,Claimed,200
arminekarakhan,fixya,https://www.fixya.com,https://www.fixya.com/users/arminekarakhan,Available,404
arminekarakhan,Muckrack,https://muckrack.com,https://muckrack.com/arminekarakhan,Unknown,403
arminekarakhan,last.fm,https://last.fm/,https://last.fm/user/arminekarakhan,Available,404
arminekarakhan,Pluralsight,https://app.pluralsight.com,https://app.pluralsight.com/profile/author/arminekarakhan,Available,404
arminekarakhan,Gog,https://www.gog.com/,https://www.gog.com/u/arminekarakhan,Available,404
arminekarakhan,PerfectWorldForum,https://pw.mail.ru/,https://pw.mail.ru/forums/member.php?username=arminekarakhan,Available,200
arminekarakhan,Techrepublic,https://www.techrepublic.com,https://www.techrepublic.com/members/profile/arminekarakhan/,Available,404
arminekarakhan,OpenStreetMap,https://www.openstreetmap.org/,https://www.openstreetmap.org/user/arminekarakhan,Available,404
arminekarakhan,Taplink,https://taplink.cc/,https://taplink.cc/arminekarakhan,Unknown,403
arminekarakhan,TechPowerUp,https://www.techpowerup.com,https://www.techpowerup.com/forums/members/?username=arminekarakhan,Available,200
arminekarakhan,pr0gramm,https://pr0gramm.com/,https://pr0gramm.com/api/profile/info?name=arminekarakhan,Available,404
arminekarakhan,Wykop,https://www.wykop.pl,https://www.wykop.pl/ludzie/arminekarakhan/,Available,404
arminekarakhan,techspot.com,http://www.techspot.com/community/,http://www.techspot.com/community/members/?username=arminekarakhan,Unknown,403
arminekarakhan,aminoapp,https://aminoapps.com/,https://aminoapps.com/u/arminekarakhan,Claimed,200
arminekarakhan,steemit,https://steemit.com,https://steemit.com/@arminekarakhan,Available,404
arminekarakhan,NPM,https://www.npmjs.com/,https://www.npmjs.com/~arminekarakhan,Available,404
arminekarakhan,NPM-Package,https://www.npmjs.com/,https://www.npmjs.com/package/arminekarakhan,Available,404
arminekarakhan,Ameba,https://profile.ameba.jp,https://profile.ameba.jp/ameba/arminekarakhan/,Available,404
arminekarakhan,Foursquare,https://foursquare.com/,https://foursquare.com/arminekarakhan,Available,404
arminekarakhan,Jigsawplanet,https://www.jigsawplanet.com,https://www.jigsawplanet.com/arminekarakhan,Available,404
arminekarakhan,authorSTREAM,http://www.authorstream.com/,http://www.authorstream.com/arminekarakhan/,Claimed,200
arminekarakhan,AlternativeTo,https://alternativeto.net/,https://alternativeto.net/user/arminekarakhan,Unknown,403
arminekarakhan,GitLab,https://gitlab.com/,https://gitlab.com/arminekarakhan,Available,200
arminekarakhan,Baby.ru,https://www.baby.ru/,https://www.baby.ru/u/arminekarakhan/,Available,404
arminekarakhan,HubPages,https://hubpages.com/,https://hubpages.com/@arminekarakhan,Available,404
arminekarakhan,amp.flipboard.com,https://amp.flipboard.com,https://amp.flipboard.com/@arminekarakhan,Available,404
arminekarakhan,Gramho,https://gramho.com/,https://gramho.com/explore-hashtag/arminekarakhan,Available,404
arminekarakhan,Guru,https://www.guru.com,https://www.guru.com/freelancers/arminekarakhan,Available,404
arminekarakhan,BoardGameGeek,https://www.boardgamegeek.com,https://www.boardgamegeek.com/user/arminekarakhan,Claimed,200
arminekarakhan,Yummly,https://www.yummly.com,https://mapi.yummly.com/mapi/v19/user/arminekarakhan,Unknown,0
arminekarakhan,Slashdot,https://slashdot.org,https://slashdot.org/~arminekarakhan,Available,404
arminekarakhan,profile.hatena.ne.jp,https://profile.hatena.ne.jp,https://profile.hatena.ne.jp/arminekarakhan/,Available,404
arminekarakhan,Audiojungle,https://audiojungle.net/,https://audiojungle.net/user/arminekarakhan,Available,404
arminekarakhan,forum.blackmagicdesign.com,https://forum.blackmagicdesign.com,https://forum.blackmagicdesign.com/search.php?author=arminekarakhan,Available,200
arminekarakhan,Cheezburger,https://profile.cheezburger.com,https://profile.cheezburger.com/arminekarakhan,Available,302
arminekarakhan,angel.co,https://angel.co,https://angel.co/u/arminekarakhan,Unknown,403
arminekarakhan,Gumroad,https://www.gumroad.com/,https://www.gumroad.com/arminekarakhan,Available,404
arminekarakhan,kofi,https://ko-fi.com,https://ko-fi.com/arminekarakhan,Claimed,200
arminekarakhan,forum.audacityteam.org,https://forum.audacityteam.org,https://forum.audacityteam.org/search.php?author=arminekarakhan,Available,404
arminekarakhan,99designs.com,https://99designs.com,https://99designs.com/profiles/arminekarakhan,Available,404
arminekarakhan,AllKPop,https://www.allkpop.com/,https://www.allkpop.com/profile/arminekarakhan,Available,302
arminekarakhan,Venmo,https://venmo.com/,https://venmo.com/arminekarakhan,Available,404
arminekarakhan,Codementor,https://www.codementor.io/,https://www.codementor.io/arminekarakhan,Available,404
arminekarakhan,ModDB,https://www.moddb.com/,https://www.moddb.com/members/arminekarakhan,Unknown,403
arminekarakhan,Picuki,https://www.picuki.com/,https://www.picuki.com/profile/arminekarakhan,Available,404
arminekarakhan,Anime-planet,https://www.anime-planet.com,https://www.anime-planet.com/forum/members/?username=arminekarakhan,Available,200
arminekarakhan,opensource,https://opensource.com/,https://opensource.com/users/arminekarakhan,Available,404
arminekarakhan,Bibsonomy,https://www.bibsonomy.org,https://www.bibsonomy.org/user/arminekarakhan,Available,404
arminekarakhan,Warrior Forum,https://www.warriorforum.com/,https://www.warriorforum.com/members/arminekarakhan.html,Available,400
arminekarakhan,rapidapi.com,https://rapidapi.com,https://rapidapi.com/blog/author/arminekarakhan/,Available,404
arminekarakhan,Pokemon Showdown,https://pokemonshowdown.com,https://pokemonshowdown.com/users/arminekarakhan,Available,404
arminekarakhan,Digitalspy,https://forums.digitalspy.com/,https://forums.digitalspy.com/profile/discussions/arminekarakhan,Available,404
arminekarakhan,Smugmug,https://smugmug.com/,https://arminekarakhan.smugmug.com/,Available,404
arminekarakhan,www.minds.com,https://www.minds.com,https://www.minds.com/arminekarakhan,Available,404
arminekarakhan,Discuss.Elastic.co,https://discuss.elastic.co/,https://discuss.elastic.co/u/arminekarakhan/summary,Available,404
arminekarakhan,kwork,https://www.kwork.ru/,https://kwork.ru/user/arminekarakhan,Available,404
arminekarakhan,depop.com,https://www.depop.com,https://www.depop.com/arminekarakhan,Unknown,403
arminekarakhan,metacritic,https://www.metacritic.com/,https://www.metacritic.com/user/arminekarakhan,Claimed,404
arminekarakhan,blogs.klerk.ru,https://blogs.klerk.ru,https://blogs.klerk.ru/users/arminekarakhan/,Available,200
arminekarakhan,dailykos,https://www.dailykos.com,https://www.dailykos.com/user/arminekarakhan,Available,404
arminekarakhan,IFTTT,https://www.ifttt.com/,https://www.ifttt.com/p/arminekarakhan,Available,404
arminekarakhan,forums.serebii.net,https://forums.serebii.net,https://forums.serebii.net/members/?username=arminekarakhan,Claimed,403
arminekarakhan,Pandia,https://pandia.ru,https://pandia.ru/user/profile/arminekarakhan,Available,404
arminekarakhan,PCPartPicker,https://pcpartpicker.com,https://pcpartpicker.com/user/arminekarakhan,Claimed,200
arminekarakhan,Stihi.ru,https://www.stihi.ru/,https://www.stihi.ru/avtor/arminekarakhan,Available,200
arminekarakhan,Fark,https://www.fark.com/,https://www.fark.com/users/arminekarakhan/,Available,200
arminekarakhan,WikimapiaSearch,http://wikimapia.org,http://wikimapia.org/user/tools/users_rating/?username=arminekarakhan,Available,200
arminekarakhan,doctissimo,https://club.doctissimo.fr,https://club.doctissimo.fr/arminekarakhan/,Available,404
arminekarakhan,forums.majorgeeks.com,https://forums.majorgeeks.com,https://forums.majorgeeks.com/members/?username=arminekarakhan,Available,200
arminekarakhan,SkyscraperCity,https://www.skyscrapercity.com,https://www.skyscrapercity.com/members/?username=arminekarakhan,Available,200
arminekarakhan,Thechive,https://i.thechive.com/,https://i.thechive.com/arminekarakhan,Claimed,200
arminekarakhan,community.getpostman.com,https://community.getpostman.com,https://community.getpostman.com/u/arminekarakhan/summary,Available,404
arminekarakhan,Rate Your Music,https://rateyourmusic.com/,https://rateyourmusic.com/~arminekarakhan,Unknown,403
arminekarakhan,FilmWeb,https://www.filmweb.pl/user/adam,https://www.filmweb.pl/user/arminekarakhan,Available,200
arminekarakhan,About.me,https://about.me/,https://about.me/arminekarakhan,Available,404
arminekarakhan,Flipboard,https://flipboard.com/,https://flipboard.com/@arminekarakhan,Available,404
arminekarakhan,Coub,https://coub.com/,https://coub.com/arminekarakhan,Available,404
arminekarakhan,forum.sketchfab.com,https://forum.sketchfab.com,https://forum.sketchfab.com/u/arminekarakhan/summary,Available,200
arminekarakhan,Codechef,https://www.codechef.com/,https://www.codechef.com/users/arminekarakhan,Available,302
arminekarakhan,accounts.eclipse.org,https://accounts.eclipse.org,https://accounts.eclipse.org/users/arminekarakhan,Available,404
arminekarakhan,Memrise,https://www.memrise.com/,https://www.memrise.com/user/arminekarakhan/,Available,301
arminekarakhan,Livemaster,https://www.livemaster.ru,https://www.livemaster.ru/arminekarakhan,Available,404
arminekarakhan,MirTesen,https://mirtesen.ru,https://mirtesen.ru/people/arminekarakhan/profile,Available,200
arminekarakhan,BuyMeACoffee,https://www.buymeacoffee.com/,https://buymeacoff.ee/arminekarakhan,Available,404
arminekarakhan,Newgrounds,https://newgrounds.com,https://arminekarakhan.newgrounds.com,Available,404
arminekarakhan,Weedmaps,https://weedmaps.com,https://weedmaps.com/brands/arminekarakhan,Unknown,403
arminekarakhan,VSCO,https://vsco.co/,https://vsco.co/arminekarakhan,Available,404
arminekarakhan,F6S,https://f6s.com/,https://www.f6s.com/arminekarakhan,Claimed,200
arminekarakhan,Gravatar,http://en.gravatar.com/,http://en.gravatar.com/arminekarakhan,Available,404
arminekarakhan,banki.ru,https://banki.ru,https://banki.ru/blog/arminekarakhan/,Unknown,0
arminekarakhan,PlanetMinecraft,https://www.planetminecraft.com,https://www.planetminecraft.com/member/arminekarakhan,Unknown,403
arminekarakhan,HackerNews,https://news.ycombinator.com/,https://news.ycombinator.com/user?id=arminekarakhan,Available,200
arminekarakhan,Pinkbike,https://www.pinkbike.com/,https://www.pinkbike.com/u/arminekarakhan/,Unknown,403
arminekarakhan,MuffinGroup,https://forum.muffingroup.com,https://forum.muffingroup.com/betheme/profile/arminekarakhan,Available,404
arminekarakhan,TheStudentRoom,https://www.thestudentroom.co.uk,https://www.thestudentroom.co.uk/member.php?username=arminekarakhan,Available,200
arminekarakhan,www.tagged.com,http://www.tagged.com,http://www.tagged.com/arminekarakhan,Available,200
arminekarakhan,AdultFriendFinder,https://adultfriendfinder.com,https://adultfriendfinder.com/profile/arminekarakhan,Claimed,200
arminekarakhan,forums.linuxmint.com,https://forums.linuxmint.com,https://forums.linuxmint.com/search.php?author=arminekarakhan,Available,307
arminekarakhan,Computerbase,https://www.computerbase.de,https://www.computerbase.de/forum/members/?username=arminekarakhan,Unknown,403
arminekarakhan,SeoClerks,https://www.seoclerks.com,https://www.seoclerks.com/user/arminekarakhan,Available,302
arminekarakhan,Kwejk,https://kwejk.pl,https://kwejk.pl/uzytkownik/arminekarakhan#/tablica/,Available,404
arminekarakhan,forums.bulbagarden.net,http://forums.bulbagarden.net,http://forums.bulbagarden.net/members/?username=arminekarakhan,Claimed,403
arminekarakhan,FortniteTracker,https://fortnitetracker.com/challenges,https://fortnitetracker.com/profile/all/arminekarakhan,Unknown,403
arminekarakhan,hiveos.farm,https://forum.hiveos.farm,https://forum.hiveos.farm/u/arminekarakhan/summary,Available,404
arminekarakhan,codeforces.com,http://codeforces.com,http://codeforces.com/profile/arminekarakhan,Available,200
arminekarakhan,Weibo,https://weibo.com,https://weibo.com/arminekarakhan,Available,200
arminekarakhan,ProductHunt,https://www.producthunt.com/,https://www.producthunt.com/@arminekarakhan,Claimed,404
arminekarakhan,Typeracer,https://typeracer.com,https://data.typeracer.com/pit/profile?user=arminekarakhan,Available,200
arminekarakhan,TJournal,https://tjournal.ru,https://tjournal.ru/search/v2/subsite/relevant?query=arminekarakhan,Claimed,404
arminekarakhan,hackernoon.com,https://hackernoon.com,https://hackernoon.com/u/arminekarakhan,Available,404
arminekarakhan,Xing,https://www.xing.com/,https://www.xing.com/profile/arminekarakhan,Available,404
arminekarakhan,HackerOne,https://hackerone.com/,https://hackerone.com/arminekarakhan,Available,404
arminekarakhan,Justlanded,https://community.justlanded.com,https://community.justlanded.com/en/profile/arminekarakhan,Available,404
arminekarakhan,Sporcle,https://www.sporcle.com/,https://www.sporcle.com/user/arminekarakhan/people,Available,404
arminekarakhan,NameMC,https://namemc.com/,https://namemc.com/profile/arminekarakhan,Unknown,403
arminekarakhan,BOOTH,https://booth.pm/,https://arminekarakhan.booth.pm/,Available,302
arminekarakhan,Screwfix,https://community.screwfix.com,https://community.screwfix.com/members/?username=arminekarakhan,Available,200
arminekarakhan,forums.drom.ru,https://forums.drom.ru/,https://forums.drom.ru/member.php?username=arminekarakhan,Available,200
arminekarakhan,Trakt,https://www.trakt.tv/,https://www.trakt.tv/users/arminekarakhan,Available,404
arminekarakhan,Repl.it,https://repl.it/,https://repl.it/@arminekarakhan,Available,404
arminekarakhan,AdvancedCustomFields,https://support.advancedcustomfields.com/,https://support.advancedcustomfields.com/forums/users/arminekarakhan,Available,404
arminekarakhan,joyreactor.cc,http://joyreactor.cc,http://joyreactor.cc/user/arminekarakhan,Available,301
arminekarakhan,forums.imore.com,https://forums.imore.com,https://forums.imore.com/member.php?username=arminekarakhan,Claimed,200
arminekarakhan,www.itemfix.com,https://www.itemfix.com,https://www.itemfix.com/c/arminekarakhan,Available,200
arminekarakhan,smart-lab.ru,https://smart-lab.ru/,https://smart-lab.ru/profile/arminekarakhan/,Available,404
arminekarakhan,ReverbNation,https://www.reverbnation.com/,https://www.reverbnation.com/arminekarakhan,Available,404
arminekarakhan,BeerMoneyForum,https://www.beermoneyforum.com,https://www.beermoneyforum.com/members/?username=arminekarakhan,Claimed,403
arminekarakhan,TVTropes,https://tvtropes.org,https://tvtropes.org/pmwiki/pmwiki.php/Tropers/arminekarakhan,Available,404
arminekarakhan,Soloby,http://www.soloby.ru,http://www.soloby.ru/user/arminekarakhan,Claimed,200
arminekarakhan,Truelancer,https://www.truelancer.com,https://www.truelancer.com/freelancer/arminekarakhan,Available,200
arminekarakhan,TheSimsResource,https://www.thesimsresource.com/,https://www.thesimsresource.com/members/arminekarakhan/,Available,302
arminekarakhan,iXBT,https://forum.ixbt.com,https://forum.ixbt.com/users.cgi?id=info:arminekarakhan,Available,404
arminekarakhan,3ddd,https://3ddd.ru,https://3ddd.ru/users/arminekarakhan,Available,404
arminekarakhan,Diigo,https://www.diigo.com/,https://www.diigo.com/interact_api/load_profile_info?name=arminekarakhan,Available,200
arminekarakhan,Vivino,https://www.vivino.com/,https://www.vivino.com/users/arminekarakhan,Available,404
arminekarakhan,Americanthinker,https://www.americanthinker.com/,https://www.americanthinker.com/author/arminekarakhan/,Available,404
arminekarakhan,Mouthshut,https://www.mouthshut.com/,https://www.mouthshut.com/arminekarakhan,Available,302
arminekarakhan,N4g,https://n4g.com/,https://n4g.com/user/home/arminekarakhan,Available,404
arminekarakhan,PyPi,https://pypi.org/,https://pypi.org/user/arminekarakhan,Claimed,200
arminekarakhan,SublimeForum,https://forum.sublimetext.com/,https://forum.sublimetext.com/u/arminekarakhan/summary,Available,404
arminekarakhan,Teletype,https://teletype.in,https://teletype.in/@arminekarakhan,Available,404
arminekarakhan,Tinkoff Invest,https://www.tinkoff.ru/invest/,https://tinkoff.ru/invest/social/profile/arminekarakhan/,Available,200
arminekarakhan,forum.pkp.sfu.ca,https://forum.pkp.sfu.ca,https://forum.pkp.sfu.ca/u/arminekarakhan/summary,Unknown,403
arminekarakhan,spletnik,https://spletnik.ru/,https://spletnik.ru/user/arminekarakhan,Available,404
arminekarakhan,getmyuni,https://getmyuni.com/,https://www.getmyuni.com/user/arminekarakhan,Available,404
arminekarakhan,Scorcher,https://www.glavbukh.ru,https://www.glavbukh.ru/forum/member.php/?username=arminekarakhan,Claimed,200
arminekarakhan,hashnode,https://hashnode.com,https://hashnode.com/@arminekarakhan,Claimed,429
arminekarakhan,Funnyjunk,https://funnyjunk.com/,https://funnyjunk.com/user/arminekarakhan,Available,307
arminekarakhan,bbs.boingboing.net,https://bbs.boingboing.net,https://bbs.boingboing.net/u/arminekarakhan/summary,Unknown,403
arminekarakhan,author.today,https://author.today,https://author.today/u/arminekarakhan,Available,404
arminekarakhan,Iphones.ru,https://www.iphones.ru,https://www.iphones.ru/iNotes/author/arminekarakhan?profile=1,Available,404
arminekarakhan,Mix,https://mix.com,https://mix.com/arminekarakhan,Available,404
arminekarakhan,eBaumsWorld,https://www.ebaumsworld.com/,https://www.ebaumsworld.com/user/profile/arminekarakhan,Available,404
arminekarakhan,profi.ru,https://profi.ru,https://profi.ru/profile/arminekarakhan/,Available,404
arminekarakhan,Diary.ru,https://diary.ru,https://arminekarakhan.diary.ru/,Claimed,200
arminekarakhan,interpals,https://www.interpals.net/,https://www.interpals.net/arminekarakhan,Available,200
arminekarakhan,Krstarica,https://forum.krstarica.com,https://forum.krstarica.com/members/?username=arminekarakhan,Available,200
arminekarakhan,Edocr,https://www.edocr.com,https://www.edocr.com/user/arminekarakhan/,Available,404
arminekarakhan,Gitee,https://gitee.com/,https://gitee.com/arminekarakhan,Available,404
arminekarakhan,NICommunityForum,https://www.native-instruments.com/forum/,https://www.native-instruments.com/forum/members/?username=arminekarakhan,Available,403
arminekarakhan,Packagist,https://packagist.org/,https://packagist.org/packages/arminekarakhan/,Available,302
arminekarakhan,discourse.jupyter.org,https://discourse.jupyter.org,https://discourse.jupyter.org/u/arminekarakhan/summary,Available,404
arminekarakhan,Influenster,https://www.influenster.com/,https://www.influenster.com/arminekarakhan,Unknown,403
arminekarakhan,MoneySavingExpert,https://forums.moneysavingexpert.com,https://forums.moneysavingexpert.com/profile/arminekarakhan,Available,404
arminekarakhan,easyen,https://easyen.ru,https://easyen.ru/index/8-0-arminekarakhan,Available,200
arminekarakhan,forums.steinberg.net,https://forums.steinberg.net,https://forums.steinberg.net/u/arminekarakhan/summary,Available,404
arminekarakhan,Hotcopper,https://hotcopper.com.au,https://hotcopper.com.au/search/search?type=post&users=arminekarakhan,Claimed,200
arminekarakhan,Speakerdeck,https://speakerdeck.com,https://speakerdeck.com/arminekarakhan,Available,404
arminekarakhan,forums.visual-paradigm.com,https://forums.visual-paradigm.com,https://forums.visual-paradigm.com/u/arminekarakhan/summary,Available,404
arminekarakhan,4x4.tomsk.ru,http://4x4.tomsk.ru,http://4x4.tomsk.ru/search.php?author=arminekarakhan,Available,200
arminekarakhan,7dach,https://7dach.ru/,https://7dach.ru/profile/arminekarakhan,Available,404
arminekarakhan,allmylinks,https://allmylinks.com/,https://allmylinks.com/arminekarakhan,Available,404
arminekarakhan,Ello,https://ello.co/,https://ello.co/arminekarakhan,Available,410
arminekarakhan,Advego,https://advego.com/,https://advego.com/profile/arminekarakhan/author/,Unknown,500
arminekarakhan,Vgtimes/Games,https://vgtimes.ru,https://vgtimes.ru/games/arminekarakhan/forum/,Claimed,200
arminekarakhan,AnimeNewsNetwork,https://www.animenewsnetwork.com,https://www.animenewsnetwork.com/bbs/phpBB2/profile.php?mode=viewprofile&u=arminekarakhan,Available,200
arminekarakhan,Vgtimes,https://vgtimes.ru,https://vgtimes.ru/user/arminekarakhan,Available,200
arminekarakhan,Proza.ru,https://www.proza.ru/,https://www.proza.ru/avtor/arminekarakhan,Available,200
arminekarakhan,Artsy,https://www.artsy.net,https://www.artsy.net/artist/arminekarakhan,Available,404
arminekarakhan,Pbase,https://pbase.com/,https://pbase.com/arminekarakhan/profile,Available,200
arminekarakhan,Mobypicture,http://www.mobypicture.com,http://www.mobypicture.com/user/arminekarakhan,Available,404
arminekarakhan,Voices,https://www.voices.com/,https://www.voices.com/actors/arminekarakhan,Unknown,403
arminekarakhan,Empflix,https://www.empflix.com,https://www.empflix.com/profile/arminekarakhan/,Available,301
arminekarakhan,discussion.squadhelp.com,https://discussion.squadhelp.com,https://discussion.squadhelp.com/u/arminekarakhan/summary,Unknown,403
arminekarakhan,mama.tomsk.ru,https://mama.tomsk.ru/forums,https://mama.tomsk.ru/forums/search.php?author=arminekarakhan,Available,404
arminekarakhan,Armorgames,https://armorgames.com,https://armorgames.com/user/arminekarakhan,Available,302
arminekarakhan,forums.indiegala.com,https://forums.indiegala.com,https://forums.indiegala.com/members/?username=arminekarakhan,Available,200
arminekarakhan,Hackerearth,https://www.hackerearth.com,https://www.hackerearth.com/@arminekarakhan,Available,200
arminekarakhan,ifunny.co,https://www.ifunny.co,https://www.ifunny.co/user/arminekarakhan,Available,404
arminekarakhan,Lolchess,https://lolchess.gg/,https://lolchess.gg/profile/na/arminekarakhan,Claimed,200
arminekarakhan,Namepros,https://www.namepros.com/,https://www.namepros.com/members/?username=arminekarakhan,Available,200
arminekarakhan,forum.openoffice.org,https://forum.openoffice.org/en/forum,https://forum.openoffice.org/en/forum/search.php?author=arminekarakhan,Available,200
arminekarakhan,forum.snapcraft.io,https://forum.snapcraft.io,https://forum.snapcraft.io/u/arminekarakhan/summary,Available,404
arminekarakhan,Launchpad,https://launchpad.net/,https://launchpad.net/~arminekarakhan,Available,404
arminekarakhan,B17,https://www.b17.ru/,https://www.b17.ru/arminekarakhan,Available,404
arminekarakhan,Kongregate,https://www.kongregate.com/,https://www.kongregate.com/accounts/arminekarakhan,Available,404
arminekarakhan,Slides,https://slides.com/,https://slides.com/arminekarakhan,Available,404
arminekarakhan,Etxt,https://www.etxt.ru,https://www.etxt.ru/arminekarakhan.html,Available,404
arminekarakhan,TheOdysseyOnline,https://www.theodysseyonline.com,https://www.theodysseyonline.com/user/@arminekarakhan,Available,404
arminekarakhan,ImageShack,https://imageshack.com/,https://imageshack.com/user/arminekarakhan,Available,302
arminekarakhan,Folkd,http://www.folkd.com/user/,http://www.folkd.com/user/arminekarakhan,Claimed,200
arminekarakhan,forums.destructoid.com,https://forums.destructoid.com,https://forums.destructoid.com/members/?username=arminekarakhan,Available,200
arminekarakhan,Niftygateway,https://api.niftygateway.com,https://niftygateway.com/profile/arminekarakhan,Available,400
arminekarakhan,TrueAchievements,https://www.trueachievements.com,https://www.trueachievements.com/gamer/arminekarakhan,Available,404
arminekarakhan,EuroFootball,https://www.euro-football.ru,https://www.euro-football.ru/user/arminekarakhan,Available,302
arminekarakhan,Fodors,https://www.fodors.com,https://www.fodors.com/community/profile/arminekarakhan/forum-activity,Available,302
arminekarakhan,Speedrun.com,https://speedrun.com/,https://speedrun.com/user/arminekarakhan,Claimed,404
arminekarakhan,akniga,https://akniga.org/,https://akniga.org/profile/arminekarakhan,Available,404
arminekarakhan,Jimdo,https://jimdosite.com/,https://arminekarakhan.jimdosite.com,Available,404
arminekarakhan,mel.fm,https://mel.fm,https://mel.fm/blog/arminekarakhan,Available,404
arminekarakhan,lnk.bio,https://lnk.bio,https://lnk.bio/arminekarakhan,Available,200
arminekarakhan,Coderwall,https://coderwall.com/,https://coderwall.com/arminekarakhan,Available,404
arminekarakhan,Oper,https://www.oper.ru/,https://www.oper.ru/visitors/info.php?t=arminekarakhan,Available,200
arminekarakhan,Brusheezy,https://www.brusheezy.com,https://www.brusheezy.com/members/arminekarakhan,Available,200
arminekarakhan,Metal-archives,https://www.metal-archives.com,https://www.metal-archives.com/users/arminekarakhan,Available,404
arminekarakhan,BabyBlog.ru,https://www.babyblog.ru/,https://www.babyblog.ru/user/arminekarakhan,Available,301
arminekarakhan,Sbazar.cz,https://www.sbazar.cz/,https://www.sbazar.cz/arminekarakhan,Available,404
arminekarakhan,Ariva,https://www.ariva.de/,https://www.ariva.de/profil/arminekarakhan,Available,404
arminekarakhan,nightbot,https://nightbot.tv/,https://nightbot.tv/t/arminekarakhan/commands,Available,404
arminekarakhan,Smule,https://www.smule.com/,https://www.smule.com/arminekarakhan,Claimed,200
arminekarakhan,Aptoide,https://en.aptoide.com/,https://arminekarakhan.en.aptoide.com/,Available,404
arminekarakhan,Blu-ray,https://forum.blu-ray.com/,https://forum.blu-ray.com/member.php?username=arminekarakhan,Available,200
arminekarakhan,ForumHouse,https://www.forumhouse.ru/,https://www.forumhouse.ru/members/?username=arminekarakhan,Available,200
arminekarakhan,Cont,https://cont.ws,https://cont.ws/@arminekarakhan,Available,404
arminekarakhan,Giantbomb,https://www.giantbomb.com,https://www.giantbomb.com/profile/arminekarakhan,Available,404
arminekarakhan,MyMiniFactory,https://www.myminifactory.com/,https://www.myminifactory.com/users/arminekarakhan,Available,404
arminekarakhan,donorbox,https://donorbox.org,https://donorbox.org/arminekarakhan,Available,404
arminekarakhan,Neoseeker,https://www.neoseeker.com,https://www.neoseeker.com/members/arminekarakhan/,Available,404
arminekarakhan,DonationsAlerts,https://www.donationalerts.com/,https://www.donationalerts.com/r/arminekarakhan,Claimed,404
arminekarakhan,BikeRadar,https://forum.bikeradar.com,https://forum.bikeradar.com/profile/arminekarakhan,Claimed,200
arminekarakhan,discuss.hashicorp.com,https://discuss.hashicorp.com,https://discuss.hashicorp.com/u/arminekarakhan/summary,Available,404
arminekarakhan,giters.com,https://giters.com,https://giters.com/arminekarakhan,Unknown,502
arminekarakhan,TRASHBOX.RU,https://trashbox.ru/,https://trashbox.ru/users/arminekarakhan,Claimed,404
arminekarakhan,InfosecInstitute,https://community.infosecinstitute.com,https://community.infosecinstitute.com/profile/arminekarakhan,Claimed,200
arminekarakhan,DigitalPoint,https://www.digitalpoint.com,https://www.digitalpoint.com/members/?username=arminekarakhan,Available,200
arminekarakhan,forum.nameberry.com,https://forum.nameberry.com,https://forum.nameberry.com/u/arminekarakhan/summary,Unknown,403
arminekarakhan,Soup,https://soup.io,https://www.soup.io/author/arminekarakhan,Available,301
arminekarakhan,Fanpop,https://www.fanpop.com/,https://www.fanpop.com/fans/arminekarakhan,Available,404
arminekarakhan,Contently,https://contently.com/,https://arminekarakhan.contently.com/,Claimed,200
arminekarakhan,forum.ghost.org,https://forum.ghost.org,https://forum.ghost.org/u/arminekarakhan/summary,Available,404
arminekarakhan,community.sweatco.in,https://community.sweatco.in,https://community.sweatco.in/u/arminekarakhan/summary,Available,200
arminekarakhan,hi5,http://www.hi5.com,http://www.hi5.com/arminekarakhan,Available,200
arminekarakhan,Dumpor,https://dumpor.com,https://dumpor.com/v/arminekarakhan,Available,404
arminekarakhan,DTF,https://dtf.ru,https://dtf.ru/search/v2/subsite/relevant?query=arminekarakhan,Claimed,404
arminekarakhan,geocaching,https://www.geocaching.com/,https://www.geocaching.com/profile/?u=arminekarakhan,Available,404
arminekarakhan,couchsurfing,https://www.couchsurfing.com/,https://www.couchsurfing.com/people/arminekarakhan,Available,404
arminekarakhan,club.cnews.ru,https://club.cnews.ru/,https://club.cnews.ru/arminekarakhan,Claimed,200
arminekarakhan,Picsart,https://picsart.com/,https://picsart.com/u/arminekarakhan,Available,404
arminekarakhan,forums.digitalpoint.com,https://forums.digitalpoint.com/,https://forums.digitalpoint.com/members/?username=arminekarakhan,Available,200
arminekarakhan,teamtreehouse.com,https://teamtreehouse.com,https://teamtreehouse.com/profiles/arminekarakhan,Available,200
arminekarakhan,hunting.karelia.ru,http://hunting.karelia.ru,http://hunting.karelia.ru/search.php?author=arminekarakhan,Available,200
arminekarakhan,ArchiveOfOurOwn,https://archiveofourown.org,https://archiveofourown.org/users/arminekarakhan,Available,404
arminekarakhan,Tanks,https://tanks.mail.ru,https://tanks.mail.ru/forum/member.php?username=arminekarakhan,Unknown,0
arminekarakhan,Freesound,https://freesound.org/,https://freesound.org/people/arminekarakhan/,Unknown,0
